Feature,Importance
USD_KRW,0.20410892
SP500,0.20258862
ma20,0.14881757
ma5,0.12730551
vol,0.121723466
Close,0.09835068
rsi,0.097105265
