Feature,Importance
SP500,0.17208631
ma5,0.15917267
ma20,0.15830183
USD_KRW,0.15545899
vol,0.12636055
Close,0.120559566
rsi,0.10806009
