Feature,Importance
Close,0.10022178
ma5,0.11897432
ma20,0.14344302
rsi,0.10756966
vol,0.120115936
USD_KRW,0.19909349
SP500,0.21058175
