Feature,Importance
Close,0.10006093
ma5,0.12218111
ma20,0.1380336
rsi,0.10924991
vol,0.122687876
USD_KRW,0.19720365
SP500,0.21058294
