Feature,Importance
SP500,0.18156369
ma20,0.16002062
USD_KRW,0.15845452
ma5,0.14232126
vol,0.13302016
Close,0.11670711
rsi,0.10791269
