Feature,Importance
SP500,0.18095149
USD_KRW,0.16130814
ma20,0.1604251
ma5,0.13710137
vol,0.13221328
Close,0.11771864
rsi,0.11028203
