Feature,Importance
Close,0.09809948
ma5,0.12205709
ma20,0.14056773
rsi,0.11149072
vol,0.122504525
USD_KRW,0.19665916
SP500,0.20862126
