Feature,Importance
SP500,0.16739874
ma5,0.16677333
ma20,0.15796432
USD_KRW,0.15613395
Close,0.126145
vol,0.12291426
rsi,0.10267045
