Feature,Importance
SP500,0.18311173
ma20,0.1598676
USD_KRW,0.15916803
ma5,0.1413564
vol,0.13018829
Close,0.11523747
rsi,0.111070506
