Feature,Importance
SP500,0.22447172
USD_KRW,0.21981327
ma20,0.14509179
ma5,0.12878954
vol,0.104835
rsi,0.09283756
Close,0.08416112
