Feature,Importance
Close,0.09873036
ma5,0.12149368
ma20,0.139736
rsi,0.108166955
vol,0.12434367
USD_KRW,0.19690342
SP500,0.21062589
