Feature,Importance
Close,0.10322233
ma5,0.13917334
ma20,0.14745028
rsi,0.10707981
vol,0.117612824
USD_KRW,0.18233715
SP500,0.20312418
