Feature,Importance
Close,0.108445235
ma5,0.15577255
ma20,0.16095585
rsi,0.10341652
vol,0.12518498
USD_KRW,0.17190671
SP500,0.1743182
