Feature,Importance
SP500,0.18018477
USD_KRW,0.15938252
ma20,0.15858036
ma5,0.13831471
vol,0.134194
Close,0.11606448
rsi,0.113279216
