Feature,Importance
SP500,0.22995017
USD_KRW,0.21282949
ma20,0.13685486
ma5,0.13205814
vol,0.10526388
rsi,0.098449506
Close,0.084593944
