Metric,Score
Accuracy,0.7045240339302544
Precision,0.7148936170212766
