Metric,Score
Accuracy,0.6871032667595603
Precision,0.7086167800453514
