Metric,Score
Accuracy,0.6826134076482427
Precision,0.6840390879478827
