Metric,Score
Accuracy,0.7031756318859365
Precision,0.6744639376218323
