Metric,Score
Accuracy,0.7012252591894439
Precision,0.7070063694267515
