Metric,Score
Accuracy,0.6806007121845487
Precision,0.6827354260089686
