Metric,Score
Accuracy,0.6833654463712268
Precision,0.6924066924066924
