Metric,Score
Accuracy,0.681684471280384
Precision,0.6823144104803494
